<?xml version="1.0" encoding="utf-8"?>
<!DOCTYPE hibernate-mapping PUBLIC 
 "-//Hibernate/Hibernate Mapping DTD//EN"
 "http://www.hibernate.org/dtd/hibernate-mapping-3.0.dtd"> 

<hibernate-mapping>
   <class name="model.Actor" table="actor">
      <meta attribute="class-description">
         Actor class mapping to actor table 
      </meta>
      <id name="id" type="int" column="actor_id">
         <generator class="native"/>
      </id>
      <property name="fname" column="first_name" type="string"/>
      <property name="lname" column="last_name" type="string"/>
   </class>
</hibernate-mapping>